"file","caption","alt_text","category","png_time","StartTime"
"bio1_sizeatage.png","Length at age in the beginning of the year (or season) in the ending year of the model. Shaded area indicates 95% distribution of length at age around estimated growth curve.",NA,"Bio",2024-08-30 11:58:40.478024,"StartTime: Fri Aug 30 11:51:23 2024"
"bio2_sizeatage_plus_CV_and_SD.png","Length at age (top-left panel) with CV (thick line) and SD (thin line) of length at age shown in top-right and lower-left panels",NA,"Bio",2024-08-30 11:58:40.478024,"StartTime: Fri Aug 30 11:51:23 2024"
"bio3_sizeatage_plus_WT_and_MAT.png","Length at age (top-left panel) with weight (thick line) and maturity (thin line) shown in top-right and lower-left panels",NA,"Bio",2024-08-30 11:58:40.478024,"StartTime: Fri Aug 30 11:51:23 2024"
"bio1B_len_at_age_matrix_1.png","Distribution of length at age for seas: 1 sub_seas: 1 morph: 1",NA,"Bio",2024-08-30 11:58:40.478024,"StartTime: Fri Aug 30 11:51:23 2024"
"bio1B_len_at_age_matrix_2.png","Distribution of length at age for seas: 1 sub_seas: 2 morph: 1",NA,"Bio",2024-08-30 11:58:40.478024,"StartTime: Fri Aug 30 11:51:23 2024"
"bio5_weightatsize.png","Weight-length relationship",NA,"Bio",2024-08-30 11:58:40.478024,"StartTime: Fri Aug 30 11:51:23 2024"
"bio6_maturity.png","Maturity at length",NA,"Bio",2024-08-30 11:58:40.478024,"StartTime: Fri Aug 30 11:51:23 2024"
"bio7_fecundity.png","Fecundity",NA,"Bio",2024-08-30 11:58:40.478024,"StartTime: Fri Aug 30 11:51:23 2024"
"bio8_fecundity_wt.png","Fecundity as a function of weight",NA,"Bio",2024-08-30 11:58:40.478024,"StartTime: Fri Aug 30 11:51:23 2024"
"bio9_fecundity_len.png","Fecundity as a function of length",NA,"Bio",2024-08-30 11:58:40.478024,"StartTime: Fri Aug 30 11:51:23 2024"
"bio10_spawningoutput_len.png","Spawning output at length. This is the product of maturity and fecundity unless maturity is age-based, in which case only fecundity is represented.",NA,"Bio",2024-08-30 11:58:40.478024,"StartTime: Fri Aug 30 11:51:23 2024"
"bio11_spawningoutput_age.png","Spawning output at age. This is the product of maturity and fecundity. When these processes are length-based they are converted into the age dimension using the matrix of length at age.",NA,"Bio",2024-08-30 11:58:40.478024,"StartTime: Fri Aug 30 11:51:23 2024"
"bio24_time-varying_NatM_uniform_Fem_GP_1.png","Time-varying mortality and growth parameters",NA,"Bio",2024-08-30 11:58:40.478024,"StartTime: Fri Aug 30 11:51:23 2024"
"bio24_time-varying_AgeKeyParm2.png","Time-varying mortality and growth parameters",NA,"Bio",2024-08-30 11:58:40.478024,"StartTime: Fri Aug 30 11:51:23 2024"
"bio24_time-varying_AgeKeyParm3.png","Time-varying mortality and growth parameters",NA,"Bio",2024-08-30 11:58:40.478024,"StartTime: Fri Aug 30 11:51:23 2024"
"sel01_multiple_fleets_length1.png","Selectivity at length for multiple fleets.",NA,"Sel",2024-08-30 11:58:40.478024,"StartTime: Fri Aug 30 11:51:23 2024"
"sel02_multiple_fleets_age1.png","Selectivity at age derived from selectivity at length for multiple fleets.",NA,"Sel",2024-08-30 11:58:40.478024,"StartTime: Fri Aug 30 11:51:23 2024"
"sel03_len_timevary_surf_flt1sex1.png","Surface plot of Time-varying selectivity for FshTrawl",NA,"Sel",2024-08-30 11:58:40.478024,"StartTime: Fri Aug 30 11:51:23 2024"
"sel04_len_timevary_contour_flt1sex1.png","Countour plot of Time-varying selectivity for FshTrawl",NA,"Sel",2024-08-30 11:58:40.478024,"StartTime: Fri Aug 30 11:51:23 2024"
"sel09_len_flt1sex1.png","Ending year selectivity for FshTrawl",NA,"Sel",2024-08-30 11:58:40.478024,"StartTime: Fri Aug 30 11:51:23 2024"
"sel03_len_timevary_surf_flt2sex1.png","Surface plot of Time-varying selectivity for FshLL",NA,"Sel",2024-08-30 11:58:40.478024,"StartTime: Fri Aug 30 11:51:23 2024"
"sel04_len_timevary_contour_flt2sex1.png","Countour plot of Time-varying selectivity for FshLL",NA,"Sel",2024-08-30 11:58:40.478024,"StartTime: Fri Aug 30 11:51:23 2024"
"sel09_len_flt2sex1.png","Ending year selectivity for FshLL",NA,"Sel",2024-08-30 11:58:40.478024,"StartTime: Fri Aug 30 11:51:23 2024"
"sel03_len_timevary_surf_flt3sex1.png","Surface plot of Time-varying selectivity for FshPot",NA,"Sel",2024-08-30 11:58:40.478024,"StartTime: Fri Aug 30 11:51:23 2024"
"sel04_len_timevary_contour_flt3sex1.png","Countour plot of Time-varying selectivity for FshPot",NA,"Sel",2024-08-30 11:58:40.478024,"StartTime: Fri Aug 30 11:51:23 2024"
"sel09_len_flt3sex1.png","Ending year selectivity for FshPot",NA,"Sel",2024-08-30 11:58:40.478024,"StartTime: Fri Aug 30 11:51:23 2024"
"sel03_len_timevary_surf_flt4sex1.png","Surface plot of Time-varying selectivity for Srv",NA,"Sel",2024-08-30 11:58:40.478024,"StartTime: Fri Aug 30 11:51:23 2024"
"sel04_len_timevary_contour_flt4sex1.png","Countour plot of Time-varying selectivity for Srv",NA,"Sel",2024-08-30 11:58:40.478024,"StartTime: Fri Aug 30 11:51:23 2024"
"sel09_len_flt4sex1.png","Ending year selectivity for Srv",NA,"Sel",2024-08-30 11:58:40.478024,"StartTime: Fri Aug 30 11:51:23 2024"
"sel09_len_flt5sex1.png","Ending year selectivity for LLSrv",NA,"Sel",2024-08-30 11:58:40.478024,"StartTime: Fri Aug 30 11:51:23 2024"
"sel21_agelen_contour_flt1sex1.png","Ending year selectivity and growth for FshTrawl",NA,"Sel",2024-08-30 11:58:40.478024,"StartTime: Fri Aug 30 11:51:23 2024"
"sel21_agelen_contour_flt2sex1.png","Ending year selectivity and growth for FshLL",NA,"Sel",2024-08-30 11:58:40.478024,"StartTime: Fri Aug 30 11:51:23 2024"
"sel21_agelen_contour_flt3sex1.png","Ending year selectivity and growth for FshPot",NA,"Sel",2024-08-30 11:58:40.478024,"StartTime: Fri Aug 30 11:51:23 2024"
"sel21_agelen_contour_flt4sex1.png","Ending year selectivity and growth for Srv",NA,"Sel",2024-08-30 11:58:40.478024,"StartTime: Fri Aug 30 11:51:23 2024"
"sel21_agelen_contour_flt5sex1.png","Ending year selectivity and growth for LLSrv",NA,"Sel",2024-08-30 11:58:40.478024,"StartTime: Fri Aug 30 11:51:23 2024"
"ts7_Spawning_biomass_(mt).png","Spawning biomass (mt)",NA,"Timeseries",2024-08-30 11:58:40.478024,"StartTime: Fri Aug 30 11:51:23 2024"
"ts7_Spawning_biomass_(mt)_with_95_asymptotic_intervals_intervals.png","Spawning biomass (mt) with ~95% asymptotic intervals",NA,"Timeseries",2024-08-30 11:58:40.478024,"StartTime: Fri Aug 30 11:51:23 2024"
"ts9_Relative_spawning_biomass.png","Relative spawning biomass: B/B_0",NA,"Timeseries",2024-08-30 11:58:40.478024,"StartTime: Fri Aug 30 11:51:23 2024"
"ts9_Relative_spawning_biomass_intervals.png","Relative spawning biomass: B/B_0 with ~95% asymptotic intervals",NA,"Timeseries",2024-08-30 11:58:40.478024,"StartTime: Fri Aug 30 11:51:23 2024"
"ts1_Total_biomass_(mt).png","Total biomass (mt)",NA,"Timeseries",2024-08-30 11:58:40.478024,"StartTime: Fri Aug 30 11:51:23 2024"
"ts4_Summary_biomass_(mt).png","Summary biomass (mt)",NA,"Timeseries",2024-08-30 11:58:40.478024,"StartTime: Fri Aug 30 11:51:23 2024"
"ts11_Age-0_recruits_(1000s).png","Age-0 recruits (1,000s)",NA,"Timeseries",2024-08-30 11:58:40.478024,"StartTime: Fri Aug 30 11:51:23 2024"
"ts11_Age-0_recruits_(1000s)_with_95_asymptotic_intervals.png","Age-0 recruits (1,000s) with ~95% asymptotic intervals",NA,"Timeseries",2024-08-30 11:58:40.478024,"StartTime: Fri Aug 30 11:51:23 2024"
"ts_summaryF.png","Summary F (definition of F depends on setting in starter.ss)",NA,"Timeseries",2024-08-30 11:58:40.478024,"StartTime: Fri Aug 30 11:51:23 2024"
"ts_DynamicB0.png","Dynamic B0 plot. The lower line shows the time series of estimated Spawning biomass (mt) in the presence of fishing mortality. The upper line shows the time series that could occur under the same dynamics (including deviations in recruitment), but without fishing. The point at the left represents the unfished equilibrium.",NA,"Timeseries",2024-08-30 11:58:40.478024,"StartTime: Fri Aug 30 11:51:23 2024"
"recdevs1_points.png","Recruitment deviations",NA,"RecDev",2024-08-30 11:58:40.478024,"StartTime: Fri Aug 30 11:51:23 2024"
"recdevs2_withbars.png","Recruitment deviations with 95% intervals",NA,"RecDev",2024-08-30 11:58:40.478024,"StartTime: Fri Aug 30 11:51:23 2024"
"recdevs3_varcheck.png","Recruitment deviations variance check.<br> See later figure of transformed variance values for comparison with bias adjustment settings in the model.",NA,"RecDev",2024-08-30 11:58:40.478024,"StartTime: Fri Aug 30 11:51:23 2024"
"recruit_fit_bias_adjust.png","Points are transformed variances. Red line shows current settings for bias adjustment specified in control file. Blue line shows least squares estimate of alternative bias adjustment relationship for recruitment deviations (which may or may not be an improvement. For more information, see<br> 
<blockquote>Methot, R.D. and Taylor, I.G., 2011. Adjusting for bias due to variability of estimated recruitments in fishery assessment models. <i>Can. J. Fish. Aquat. Sci.</i>, 68:1744-1760.</blockquote><br> 
Estimated alternative inputs to SS control file associated with blue line in figure: 
<pre>1959.3   #_last_early_yr_nobias_adj_in_MPD 
1986.3   #_first_yr_fullbias_adj_in_MPD 
2021.7   #_last_yr_fullbias_adj_in_MPD 
2023.9   #_first_recent_yr_nobias_adj_in_MPD 
0.9178  #_max_bias_adj_in_MPD (1.0 to mimic pre-2009 models) </pre>",NA,"RecDev",2024-08-30 11:58:40.478024,"StartTime: Fri Aug 30 11:51:23 2024"
"SR_curve.png","Stock-recruit curve.  Point colors indicate year, with warmer colors indicating earlier years and cooler colors in showing later years.",NA,"S-R",2024-08-30 11:58:40.478024,"StartTime: Fri Aug 30 11:51:23 2024"
"SR_curve2.png","Stock-recruit curve with labels on first, last, and years with (log) deviations > 0.5. Point colors indicate year, with warmer colors indicating earlier years and cooler colors in showing later years.",NA,"S-R",2024-08-30 11:58:40.478024,"StartTime: Fri Aug 30 11:51:23 2024"
"SR_resids.png","Deviations around the stock-recruit curve. Labels are on first, last, and years with (log) deviations > 0.5. Point colors indicate year, with warmer colors indicating earlier years and cooler colors in showing later years.",NA,"S-R",2024-08-30 11:58:40.478024,"StartTime: Fri Aug 30 11:51:23 2024"
"catch1 landings.png","landings",NA,"Catch",2024-08-30 11:58:40.478024,"StartTime: Fri Aug 30 11:51:23 2024"
"catch2 landings stacked.png","landings stacked",NA,"Catch",2024-08-30 11:58:40.478024,"StartTime: Fri Aug 30 11:51:23 2024"
"catch9 harvest rate.png","harvest rate",NA,"Catch",2024-08-30 11:58:40.478024,"StartTime: Fri Aug 30 11:51:23 2024"
"SPR1_series.png","Timeseries of SPR. Horizontal line is at SPR target: 0.4",NA,"SPR",2024-08-30 11:58:40.478024,"StartTime: Fri Aug 30 11:51:23 2024"
"SPR2_minusSPRseries.png","Timeseries of 1-SPR. Horizontal line is at 1 - SPR target: 1 - 0.4 = 0.6",NA,"SPR",2024-08-30 11:58:40.478024,"StartTime: Fri Aug 30 11:51:23 2024"
"SPR3_ratiointerval.png","Timeseries of SPR ratio: 1-SPR",NA,"SPR",2024-08-30 11:58:40.478024,"StartTime: Fri Aug 30 11:51:23 2024"
"SPR4_phase.png","Phase plot of biomass ratio vs. SPR ratio.<br> Each point represents the biomass ratio at the start of the year and the relative fishing intensity in that same year. Warmer colors (red) represent early years and colder colors (blue) represent recent years. Lines through the final point show 95% intervals based on the asymptotic uncertainty for each dimension. The shaded ellipse is a 95% region which accounts for the estimated correlation between the two quantities: -0.576. The vertical line at 0.4 indicates the reference point as defined in the forecast.ss which can be removed from the plot via <code>SS_plots(..., btarg = -1)</code>. The horizontal line is at 1 - SPR target: 1 - 0.4 = 0.6. ",NA,"SPR",2024-08-30 11:58:40.478024,"StartTime: Fri Aug 30 11:51:23 2024"
"index1_cpuedata_Srv.png","Index data for Srv. Lines indicate 95% uncertainty interval around index values based on the model assumption of lognormal error. Thicker lines (if present) indicate input uncertainty before addition of estimated additional uncertainty parameter.",NA,"Index",2024-08-30 11:58:40.478024,"StartTime: Fri Aug 30 11:51:23 2024"
"index2_cpuefit_Srv.png","Fit to index data for Srv. Lines indicate 95% uncertainty interval around index values based on the model assumption of lognormal error. Thicker lines (if present) indicate input uncertainty before addition of estimated additional uncertainty parameter.",NA,"Index",2024-08-30 11:58:40.478024,"StartTime: Fri Aug 30 11:51:23 2024"
"index3_obs_vs_exp_Srv.png","Observed vs. expected index values with smoother for Srv",NA,"Index",2024-08-30 11:58:40.478024,"StartTime: Fri Aug 30 11:51:23 2024"
"index4_logcpuedata_Srv.png","Log index data for Srv. Lines indicate 95% uncertainty interval around index values based on the model assumption of lognormal error. Thicker lines (if present) indicate input uncertainty before addition of estimated additional uncertainty parameter.",NA,"Index",2024-08-30 11:58:40.478024,"StartTime: Fri Aug 30 11:51:23 2024"
"index5_logcpuefit_Srv.png","Fit to log index data on log scale for Srv. Lines indicate 95% uncertainty interval around index values based on the model assumption of lognormal error. Thicker lines (if present) indicate input uncertainty before addition of estimated additional uncertainty parameter.",NA,"Index",2024-08-30 11:58:40.478024,"StartTime: Fri Aug 30 11:51:23 2024"
"index6_log_obs_vs_exp_Srv.png","log(observed) vs. log(expected) index values with smoother for Srv",NA,"Index",2024-08-30 11:58:40.478024,"StartTime: Fri Aug 30 11:51:23 2024"
"index10_resids_SE_total_Srv.png","Residuals of fit to index for Srv.<br>Values are (log(Obs) - log(Exp))/SE where SE is the total standard error including any estimated additional uncertainty.",NA,"Index",2024-08-30 11:58:40.478024,"StartTime: Fri Aug 30 11:51:23 2024"
"index12_resids_SE_total_Srv.png","Deviations for fit to index for Srv.<br>Values are log(Obs) - log(Exp) and thus independent of index uncertainty.",NA,"Index",2024-08-30 11:58:40.478024,"StartTime: Fri Aug 30 11:51:23 2024"
"index1_cpuedata_LLSrv.png","Index data for LLSrv. Lines indicate 95% uncertainty interval around index values based on the model assumption of lognormal error. Thicker lines (if present) indicate input uncertainty before addition of estimated additional uncertainty parameter.",NA,"Index",2024-08-30 11:58:40.478024,"StartTime: Fri Aug 30 11:51:23 2024"
"index2_cpuefit_LLSrv.png","Fit to index data for LLSrv. Lines indicate 95% uncertainty interval around index values based on the model assumption of lognormal error. Thicker lines (if present) indicate input uncertainty before addition of estimated additional uncertainty parameter.",NA,"Index",2024-08-30 11:58:40.478024,"StartTime: Fri Aug 30 11:51:23 2024"
"index3_obs_vs_exp_LLSrv.png","Observed vs. expected index values with smoother for LLSrv",NA,"Index",2024-08-30 11:58:40.478024,"StartTime: Fri Aug 30 11:51:23 2024"
"index4_logcpuedata_LLSrv.png","Log index data for LLSrv. Lines indicate 95% uncertainty interval around index values based on the model assumption of lognormal error. Thicker lines (if present) indicate input uncertainty before addition of estimated additional uncertainty parameter.",NA,"Index",2024-08-30 11:58:40.478024,"StartTime: Fri Aug 30 11:51:23 2024"
"index5_logcpuefit_LLSrv.png","Fit to log index data on log scale for LLSrv. Lines indicate 95% uncertainty interval around index values based on the model assumption of lognormal error. Thicker lines (if present) indicate input uncertainty before addition of estimated additional uncertainty parameter.",NA,"Index",2024-08-30 11:58:40.478024,"StartTime: Fri Aug 30 11:51:23 2024"
"index6_log_obs_vs_exp_LLSrv.png","log(observed) vs. log(expected) index values with smoother for LLSrv",NA,"Index",2024-08-30 11:58:40.478024,"StartTime: Fri Aug 30 11:51:23 2024"
"index7_timevarying_q_LLSrv.png","Timeseries of catchability for LLSrv",NA,"Index",2024-08-30 11:58:40.478024,"StartTime: Fri Aug 30 11:51:23 2024"
"index8_q_vs_vuln_bio_LLSrv.png","Catchability vs. vulnerable biomass for fleet LLSrv<br> 
This plot should illustrate curvature of nonlinear catchability relationship<br> 
or reveal patterns associated with random-walk catchability.",NA,"Index",2024-08-30 11:58:40.478024,"StartTime: Fri Aug 30 11:51:23 2024"
"index10_resids_SE_total_LLSrv.png","Residuals of fit to index for LLSrv.<br>Values are (log(Obs) - log(Exp))/SE where SE is the total standard error including any estimated additional uncertainty.",NA,"Index",2024-08-30 11:58:40.478024,"StartTime: Fri Aug 30 11:51:23 2024"
"index12_resids_SE_total_LLSrv.png","Deviations for fit to index for LLSrv.<br>Values are log(Obs) - log(Exp) and thus independent of index uncertainty.",NA,"Index",2024-08-30 11:58:40.478024,"StartTime: Fri Aug 30 11:51:23 2024"
"index9_standcpueall.png","Standardized indices overlaid. Each index is rescaled to have mean observation = 1.0.",NA,"Index",2024-08-30 11:58:40.478024,"StartTime: Fri Aug 30 11:51:23 2024"
"numbers1_sex1_beg.png","Beginning of year expected numbers at age in (max ~ 901.0 million)",NA,"Numbers",2024-08-30 11:58:40.478024,"StartTime: Fri Aug 30 11:51:23 2024"
"numbers1_sex1_mid.png","Middle of year expected numbers at age in (max ~ 716.7 million)",NA,"Numbers",2024-08-30 11:58:40.478024,"StartTime: Fri Aug 30 11:51:23 2024"
"numbers6_len_sex1.png","Beginning of year expected numbers at length in (max ~ 536.9 million)",NA,"Numbers",2024-08-30 11:58:40.478024,"StartTime: Fri Aug 30 11:51:23 2024"
"numbers6_len_sex1.png","Middle of year expected numbers at length in (max ~ 112.2 million)",NA,"Numbers",2024-08-30 11:58:40.478024,"StartTime: Fri Aug 30 11:51:23 2024"
"numbers4_equilagecomp.png","Equilibrium age distribution",NA,"Numbers",2024-08-30 11:58:40.478024,"StartTime: Fri Aug 30 11:51:23 2024"
"numbers5_ageerrorSD.png","Ageing imprecision: SD of observed age (yr)",NA,"Numbers",2024-08-30 11:58:40.478024,"StartTime: Fri Aug 30 11:51:23 2024"
"numbers5_ageerrorMeans.png","Ageing imprecision: Mean observed age (yr)",NA,"Numbers",2024-08-30 11:58:40.478024,"StartTime: Fri Aug 30 11:51:23 2024"
"numbers10_ageerror_matrix_1.png","Distribution of observed age at true age 
 for ageing error type 1",NA,"Numbers",2024-08-30 11:58:40.478024,"StartTime: Fri Aug 30 11:51:23 2024"
"numbers10_ageerror_matrix_2.png","Distribution of observed age at true age 
 for ageing error type 2",NA,"Numbers",2024-08-30 11:58:40.478024,"StartTime: Fri Aug 30 11:51:23 2024"
"numbers10_ageerror_matrix_3.png","Distribution of observed age at true age 
 for ageing error type 3",NA,"Numbers",2024-08-30 11:58:40.478024,"StartTime: Fri Aug 30 11:51:23 2024"
"numbers10_ageerror_matrix_4.png","Distribution of observed age at true age 
 for ageing error type 4",NA,"Numbers",2024-08-30 11:58:40.478024,"StartTime: Fri Aug 30 11:51:23 2024"
"comp_lendat__aggregated_across_time.png","Length comp data, aggregated across time by fleet.
 <br> Labels 'retained' and 'discard' indicate discarded or retained sampled for each fleet. Panels without this designation represent the whole catch.
",NA,"CompDat",2024-08-30 11:58:40.478024,"StartTime: Fri Aug 30 11:51:23 2024"
"comp_lendat__multi-fleet_comparison.png","Length comp data,  comparing across fleets",NA,"CompDat",2024-08-30 11:58:40.478024,"StartTime: Fri Aug 30 11:51:23 2024"
"comp_lendat_flt1mkt0_page1.png","Length comp data, whole catch, FshTrawl (plot 1 of 2).<br><br>'N adj.' is the input sample size after data-weighting adjustment. N eff. is the calculated effective sample size used in the McAllister-Ianelli tuning method.",NA,"CompDat",2024-08-30 11:58:40.478024,"StartTime: Fri Aug 30 11:51:23 2024"
"comp_lendat_flt1mkt0_page2.png","Length comp data, whole catch, FshTrawl (plot 1 of 2).<br><br>'N adj.' is the input sample size after data-weighting adjustment. N eff. is the calculated effective sample size used in the McAllister-Ianelli tuning method. (plot 2 of 2)",NA,"CompDat",2024-08-30 11:58:40.478024,"StartTime: Fri Aug 30 11:51:23 2024"
"comp_lendat_bubflt1mkt0_page2.png","Length comp data, whole catch, FshTrawl (max=0.1) (plot 2 of 2)",NA,"CompDat",2024-08-30 11:58:40.478024,"StartTime: Fri Aug 30 11:51:23 2024"
"comp_lendat_data_weighting_TA1.8_FshTrawl.png","Mean length for FshTrawl with 95% confidence intervals based on current sample sizes.",NA,"CompDat",2024-08-30 11:58:40.478024,"StartTime: Fri Aug 30 11:51:23 2024"
"comp_lendat_flt2mkt0_page1.png","Length comp data, whole catch, FshLL (plot 1 of 2).<br><br>'N adj.' is the input sample size after data-weighting adjustment. N eff. is the calculated effective sample size used in the McAllister-Ianelli tuning method.",NA,"CompDat",2024-08-30 11:58:40.478024,"StartTime: Fri Aug 30 11:51:23 2024"
"comp_lendat_flt2mkt0_page2.png","Length comp data, whole catch, FshLL (plot 1 of 2).<br><br>'N adj.' is the input sample size after data-weighting adjustment. N eff. is the calculated effective sample size used in the McAllister-Ianelli tuning method. (plot 2 of 2)",NA,"CompDat",2024-08-30 11:58:40.478024,"StartTime: Fri Aug 30 11:51:23 2024"
"comp_lendat_bubflt2mkt0_page2.png","Length comp data, whole catch, FshLL (max=0.08) (plot 2 of 2)",NA,"CompDat",2024-08-30 11:58:40.478024,"StartTime: Fri Aug 30 11:51:23 2024"
"comp_lendat_data_weighting_TA1.8_FshLL.png","Mean length for FshLL with 95% confidence intervals based on current sample sizes.",NA,"CompDat",2024-08-30 11:58:40.478024,"StartTime: Fri Aug 30 11:51:23 2024"
"comp_lendat_flt3mkt0_page1.png","Length comp data, whole catch, FshPot (plot 1 of 2).<br><br>'N adj.' is the input sample size after data-weighting adjustment. N eff. is the calculated effective sample size used in the McAllister-Ianelli tuning method.",NA,"CompDat",2024-08-30 11:58:40.478024,"StartTime: Fri Aug 30 11:51:23 2024"
"comp_lendat_flt3mkt0_page2.png","Length comp data, whole catch, FshPot (plot 1 of 2).<br><br>'N adj.' is the input sample size after data-weighting adjustment. N eff. is the calculated effective sample size used in the McAllister-Ianelli tuning method. (plot 2 of 2)",NA,"CompDat",2024-08-30 11:58:40.478024,"StartTime: Fri Aug 30 11:51:23 2024"
"comp_lendat_bubflt3mkt0_page2.png","Length comp data, whole catch, FshPot (max=0.09) (plot 2 of 2)",NA,"CompDat",2024-08-30 11:58:40.478024,"StartTime: Fri Aug 30 11:51:23 2024"
"comp_lendat_data_weighting_TA1.8_FshPot.png","Mean length for FshPot with 95% confidence intervals based on current sample sizes.",NA,"CompDat",2024-08-30 11:58:40.478024,"StartTime: Fri Aug 30 11:51:23 2024"
"comp_lendat_flt4mkt0.png","Length comp data, whole catch, Srv.<br><br>'N adj.' is the input sample size after data-weighting adjustment. N eff. is the calculated effective sample size used in the McAllister-Ianelli tuning method.",NA,"CompDat",2024-08-30 11:58:40.478024,"StartTime: Fri Aug 30 11:51:23 2024"
"comp_lendat_bubflt4mkt0.png","Length comp data, whole catch, Srv (max=0.07)",NA,"CompDat",2024-08-30 11:58:40.478024,"StartTime: Fri Aug 30 11:51:23 2024"
"comp_lendat_data_weighting_TA1.8_Srv.png","Mean length for Srv with 95% confidence intervals based on current sample sizes.",NA,"CompDat",2024-08-30 11:58:40.478024,"StartTime: Fri Aug 30 11:51:23 2024"
"comp_lendat_flt5mkt0_page1.png","Length comp data, whole catch, LLSrv (plot 1 of 2).<br><br>'N adj.' is the input sample size after data-weighting adjustment. N eff. is the calculated effective sample size used in the McAllister-Ianelli tuning method.",NA,"CompDat",2024-08-30 11:58:40.478024,"StartTime: Fri Aug 30 11:51:23 2024"
"comp_lendat_flt5mkt0_page2.png","Length comp data, whole catch, LLSrv (plot 1 of 2).<br><br>'N adj.' is the input sample size after data-weighting adjustment. N eff. is the calculated effective sample size used in the McAllister-Ianelli tuning method. (plot 2 of 2)",NA,"CompDat",2024-08-30 11:58:40.478024,"StartTime: Fri Aug 30 11:51:23 2024"
"comp_lendat_bubflt5mkt0_page2.png","Length comp data, whole catch, LLSrv (max=0.09) (plot 2 of 2)",NA,"CompDat",2024-08-30 11:58:40.478024,"StartTime: Fri Aug 30 11:51:23 2024"
"comp_lendat_data_weighting_TA1.8_LLSrv.png","Mean length for LLSrv with 95% confidence intervals based on current sample sizes.",NA,"CompDat",2024-08-30 11:58:40.478024,"StartTime: Fri Aug 30 11:51:23 2024"
"comp_gstagedat_flt1mkt0.png","Excluded age comp data, whole catch, FshTrawl.<br><br>'N adj.' is the input sample size after data-weighting adjustment. N eff. is the calculated effective sample size used in the McAllister-Ianelli tuning method.",NA,"CompDat",2024-08-30 11:58:40.478024,"StartTime: Fri Aug 30 11:51:23 2024"
"comp_gstagedat_bubflt1mkt0.png","Excluded age comp data, whole catch, FshTrawl (max=0.5)",NA,"CompDat",2024-08-30 11:58:40.478024,"StartTime: Fri Aug 30 11:51:23 2024"
"comp_gstagedat_flt2mkt0.png","Excluded age comp data, whole catch, FshLL.<br><br>'N adj.' is the input sample size after data-weighting adjustment. N eff. is the calculated effective sample size used in the McAllister-Ianelli tuning method.",NA,"CompDat",2024-08-30 11:58:40.478024,"StartTime: Fri Aug 30 11:51:23 2024"
"comp_gstagedat_bubflt2mkt0.png","Excluded age comp data, whole catch, FshLL (max=0.7)",NA,"CompDat",2024-08-30 11:58:40.478024,"StartTime: Fri Aug 30 11:51:23 2024"
"comp_gstagedat_flt3mkt0.png","Excluded age comp data, whole catch, FshPot.<br><br>'N adj.' is the input sample size after data-weighting adjustment. N eff. is the calculated effective sample size used in the McAllister-Ianelli tuning method.",NA,"CompDat",2024-08-30 11:58:40.478024,"StartTime: Fri Aug 30 11:51:23 2024"
"comp_gstagedat_bubflt3mkt0.png","Excluded age comp data, whole catch, FshPot (max=0.47)",NA,"CompDat",2024-08-30 11:58:40.478024,"StartTime: Fri Aug 30 11:51:23 2024"
"comp_gstagedat_flt4mkt0.png","Excluded age comp data, whole catch, Srv.<br><br>'N adj.' is the input sample size after data-weighting adjustment. N eff. is the calculated effective sample size used in the McAllister-Ianelli tuning method.",NA,"CompDat",2024-08-30 11:58:40.478024,"StartTime: Fri Aug 30 11:51:23 2024"
"comp_gstagedat_bubflt4mkt0.png","Excluded age comp data, whole catch, Srv (max=0.45)",NA,"CompDat",2024-08-30 11:58:40.478024,"StartTime: Fri Aug 30 11:51:23 2024"
"comp_condAALdat_bubflt1mkt0.png","Conditional age-at-length data, whole catch, FshTrawl (max=1)",NA,"CompDat",2024-08-30 11:58:40.478024,"StartTime: Fri Aug 30 11:51:23 2024"
"comp_condAALdat_bubflt2mkt0.png","Conditional age-at-length data, whole catch, FshLL (max=1)",NA,"CompDat",2024-08-30 11:58:40.478024,"StartTime: Fri Aug 30 11:51:23 2024"
"comp_condAALdat_bubflt3mkt0.png","Conditional age-at-length data, whole catch, FshPot (max=1)",NA,"CompDat",2024-08-30 11:58:40.478024,"StartTime: Fri Aug 30 11:51:23 2024"
"comp_condAALdat_bubflt4mkt0.png","Conditional age-at-length data, whole catch, Srv (max=1)",NA,"CompDat",2024-08-30 11:58:40.478024,"StartTime: Fri Aug 30 11:51:23 2024"
"comp_lenfit__aggregated_across_time.png","Length comps, aggregated across time by fleet.
 <br> Labels 'retained' and 'discard' indicate discarded or retained sampled for each fleet. Panels without this designation represent the whole catch.
",NA,"LenComp",2024-08-30 11:58:40.478024,"StartTime: Fri Aug 30 11:51:23 2024"
"comp_lenfit__multi-fleet_comparison.png","Pearson residuals,  comparing across fleets <br> 
Closed bubbles are positive residuals (observed > expected) and open bubbles are negative residuals (observed < expected).",NA,"LenComp",2024-08-30 11:58:40.478024,"StartTime: Fri Aug 30 11:51:23 2024"
"comp_lenfit_flt1mkt0_page1.png","Length comps, whole catch, FshTrawl (plot 1 of 2).<br><br>'N adj.' is the input sample size after data-weighting adjustment. N eff. is the calculated effective sample size used in the McAllister-Ianelli tuning method.",NA,"LenComp",2024-08-30 11:58:40.478024,"StartTime: Fri Aug 30 11:51:23 2024"
"comp_lenfit_flt1mkt0_page2.png","Length comps, whole catch, FshTrawl (plot 1 of 2).<br><br>'N adj.' is the input sample size after data-weighting adjustment. N eff. is the calculated effective sample size used in the McAllister-Ianelli tuning method. (plot 2 of 2)",NA,"LenComp",2024-08-30 11:58:40.478024,"StartTime: Fri Aug 30 11:51:23 2024"
"comp_lenfit_residsflt1mkt0_page2.png","Pearson residuals, whole catch, FshTrawl (max=9.85) (plot 2 of 2) <br> 
Closed bubbles are positive residuals (observed > expected) and open bubbles are negative residuals (observed < expected).",NA,"LenComp",2024-08-30 11:58:40.478024,"StartTime: Fri Aug 30 11:51:23 2024"
"comp_lenfit_sampsize_flt1mkt0.png","N-EffN comparison, Length comps, whole catch, FshTrawl",NA,"LenComp",2024-08-30 11:58:40.478024,"StartTime: Fri Aug 30 11:51:23 2024"
"comp_lenfit_data_weighting_TA1.8_FshTrawl.png","Mean length for FshTrawl with 95% confidence intervals based on current sample sizes.<br>Francis data weighting method TA1.8: thinner intervals (with capped ends) show result of further adjusting sample sizes based on suggested multiplier (with 95% interval) for len data from FshTrawl:<br>0.1393 (0.0753-0.3146) <br>For more info, see  <a href=https://doi.org/10.1139/f2011-025> Francis (2011)</a>.",NA,"LenComp",2024-08-30 11:58:40.478024,"StartTime: Fri Aug 30 11:51:23 2024"
"comp_lenfit_flt2mkt0_page1.png","Length comps, whole catch, FshLL (plot 1 of 2).<br><br>'N adj.' is the input sample size after data-weighting adjustment. N eff. is the calculated effective sample size used in the McAllister-Ianelli tuning method.",NA,"LenComp",2024-08-30 11:58:40.478024,"StartTime: Fri Aug 30 11:51:23 2024"
"comp_lenfit_flt2mkt0_page2.png","Length comps, whole catch, FshLL (plot 1 of 2).<br><br>'N adj.' is the input sample size after data-weighting adjustment. N eff. is the calculated effective sample size used in the McAllister-Ianelli tuning method. (plot 2 of 2)",NA,"LenComp",2024-08-30 11:58:40.478024,"StartTime: Fri Aug 30 11:51:23 2024"
"comp_lenfit_residsflt2mkt0_page2.png","Pearson residuals, whole catch, FshLL (max=3.57) (plot 2 of 2) <br> 
Closed bubbles are positive residuals (observed > expected) and open bubbles are negative residuals (observed < expected).",NA,"LenComp",2024-08-30 11:58:40.478024,"StartTime: Fri Aug 30 11:51:23 2024"
"comp_lenfit_sampsize_flt2mkt0.png","N-EffN comparison, Length comps, whole catch, FshLL",NA,"LenComp",2024-08-30 11:58:40.478024,"StartTime: Fri Aug 30 11:51:23 2024"
"comp_lenfit_data_weighting_TA1.8_FshLL.png","Mean length for FshLL with 95% confidence intervals based on current sample sizes.<br>Francis data weighting method TA1.8: thinner intervals (with capped ends) show result of further adjusting sample sizes based on suggested multiplier (with 95% interval) for len data from FshLL:<br>0.5038 (0.342-0.8577) <br>For more info, see  <a href=https://doi.org/10.1139/f2011-025> Francis (2011)</a>.",NA,"LenComp",2024-08-30 11:58:40.478024,"StartTime: Fri Aug 30 11:51:23 2024"
"comp_lenfit_flt3mkt0_page1.png","Length comps, whole catch, FshPot (plot 1 of 2).<br><br>'N adj.' is the input sample size after data-weighting adjustment. N eff. is the calculated effective sample size used in the McAllister-Ianelli tuning method.",NA,"LenComp",2024-08-30 11:58:40.478024,"StartTime: Fri Aug 30 11:51:23 2024"
"comp_lenfit_flt3mkt0_page2.png","Length comps, whole catch, FshPot (plot 1 of 2).<br><br>'N adj.' is the input sample size after data-weighting adjustment. N eff. is the calculated effective sample size used in the McAllister-Ianelli tuning method. (plot 2 of 2)",NA,"LenComp",2024-08-30 11:58:40.478024,"StartTime: Fri Aug 30 11:51:23 2024"
"comp_lenfit_residsflt3mkt0_page2.png","Pearson residuals, whole catch, FshPot (max=38.08) (plot 2 of 2) <br> 
Closed bubbles are positive residuals (observed > expected) and open bubbles are negative residuals (observed < expected).",NA,"LenComp",2024-08-30 11:58:40.478024,"StartTime: Fri Aug 30 11:51:23 2024"
"comp_lenfit_sampsize_flt3mkt0.png","N-EffN comparison, Length comps, whole catch, FshPot",NA,"LenComp",2024-08-30 11:58:40.478024,"StartTime: Fri Aug 30 11:51:23 2024"
"comp_lenfit_data_weighting_TA1.8_FshPot.png","Mean length for FshPot with 95% confidence intervals based on current sample sizes.<br>Francis data weighting method TA1.8: thinner intervals (with capped ends) show result of further adjusting sample sizes based on suggested multiplier (with 95% interval) for len data from FshPot:<br>0.1269 (0.0815-0.238) <br>For more info, see  <a href=https://doi.org/10.1139/f2011-025> Francis (2011)</a>.",NA,"LenComp",2024-08-30 11:58:40.478024,"StartTime: Fri Aug 30 11:51:23 2024"
"comp_lenfit_flt4mkt0.png","Length comps, whole catch, Srv.<br><br>'N adj.' is the input sample size after data-weighting adjustment. N eff. is the calculated effective sample size used in the McAllister-Ianelli tuning method.",NA,"LenComp",2024-08-30 11:58:40.478024,"StartTime: Fri Aug 30 11:51:23 2024"
"comp_lenfit_residsflt4mkt0.png","Pearson residuals, whole catch, Srv (max=14.82) <br> 
Closed bubbles are positive residuals (observed > expected) and open bubbles are negative residuals (observed < expected).",NA,"LenComp",2024-08-30 11:58:40.478024,"StartTime: Fri Aug 30 11:51:23 2024"
"comp_lenfit_sampsize_flt4mkt0.png","N-EffN comparison, Length comps, whole catch, Srv",NA,"LenComp",2024-08-30 11:58:40.478024,"StartTime: Fri Aug 30 11:51:23 2024"
"comp_lenfit_data_weighting_TA1.8_Srv.png","Mean length for Srv with 95% confidence intervals based on current sample sizes.<br>Francis data weighting method TA1.8: thinner intervals (with capped ends) show result of further adjusting sample sizes based on suggested multiplier (with 95% interval) for len data from Srv:<br>0.487 (0.2713-1.3669) <br>For more info, see  <a href=https://doi.org/10.1139/f2011-025> Francis (2011)</a>.",NA,"LenComp",2024-08-30 11:58:40.478024,"StartTime: Fri Aug 30 11:51:23 2024"
"comp_lenfit_flt5mkt0_page1.png","Length comps, whole catch, LLSrv (plot 1 of 2).<br><br>'N adj.' is the input sample size after data-weighting adjustment. N eff. is the calculated effective sample size used in the McAllister-Ianelli tuning method.",NA,"LenComp",2024-08-30 11:58:40.478024,"StartTime: Fri Aug 30 11:51:23 2024"
"comp_lenfit_flt5mkt0_page2.png","Length comps, whole catch, LLSrv (plot 1 of 2).<br><br>'N adj.' is the input sample size after data-weighting adjustment. N eff. is the calculated effective sample size used in the McAllister-Ianelli tuning method. (plot 2 of 2)",NA,"LenComp",2024-08-30 11:58:40.478024,"StartTime: Fri Aug 30 11:51:23 2024"
"comp_lenfit_residsflt5mkt0_page2.png","Pearson residuals, whole catch, LLSrv (max=4.25) (plot 2 of 2) <br> 
Closed bubbles are positive residuals (observed > expected) and open bubbles are negative residuals (observed < expected).",NA,"LenComp",2024-08-30 11:58:40.478024,"StartTime: Fri Aug 30 11:51:23 2024"
"comp_lenfit_sampsize_flt5mkt0.png","N-EffN comparison, Length comps, whole catch, LLSrv",NA,"LenComp",2024-08-30 11:58:40.478024,"StartTime: Fri Aug 30 11:51:23 2024"
"comp_lenfit_data_weighting_TA1.8_LLSrv.png","Mean length for LLSrv with 95% confidence intervals based on current sample sizes.<br>Francis data weighting method TA1.8: thinner intervals (with capped ends) show result of further adjusting sample sizes based on suggested multiplier (with 95% interval) for len data from LLSrv:<br>0.3836 (0.2588-0.6708) <br>For more info, see  <a href=https://doi.org/10.1139/f2011-025> Francis (2011)</a>.",NA,"LenComp",2024-08-30 11:58:40.478024,"StartTime: Fri Aug 30 11:51:23 2024"
"comp_gstlenfit_flt4mkt0.png","Excluded length comps, whole catch, Srv.<br><br>'N adj.' is the input sample size after data-weighting adjustment. N eff. is the calculated effective sample size used in the McAllister-Ianelli tuning method.",NA,"LenComp",2024-08-30 11:58:40.478024,"StartTime: Fri Aug 30 11:51:23 2024"
"comp_gstlenfit_residsflt4mkt0.png","Pearson residuals, whole catch, Srv (max=NA) <br> 
Closed bubbles are positive residuals (observed > expected) and open bubbles are negative residuals (observed < expected).",NA,"LenComp",2024-08-30 11:58:40.478024,"StartTime: Fri Aug 30 11:51:23 2024"
"comp_gstagefit_flt1mkt0.png","Excluded age comps, whole catch, FshTrawl.<br><br>'N adj.' is the input sample size after data-weighting adjustment. N eff. is the calculated effective sample size used in the McAllister-Ianelli tuning method.",NA,"AgeComp",2024-08-30 11:58:40.478024,"StartTime: Fri Aug 30 11:51:23 2024"
"comp_gstagefit_residsflt1mkt0.png","Pearson residuals, whole catch, FshTrawl (max=NA) <br> 
Closed bubbles are positive residuals (observed > expected) and open bubbles are negative residuals (observed < expected).",NA,"AgeComp",2024-08-30 11:58:40.478024,"StartTime: Fri Aug 30 11:51:23 2024"
"comp_gstagefit_flt2mkt0.png","Excluded age comps, whole catch, FshLL.<br><br>'N adj.' is the input sample size after data-weighting adjustment. N eff. is the calculated effective sample size used in the McAllister-Ianelli tuning method.",NA,"AgeComp",2024-08-30 11:58:40.478024,"StartTime: Fri Aug 30 11:51:23 2024"
"comp_gstagefit_residsflt2mkt0.png","Pearson residuals, whole catch, FshLL (max=NA) <br> 
Closed bubbles are positive residuals (observed > expected) and open bubbles are negative residuals (observed < expected).",NA,"AgeComp",2024-08-30 11:58:40.478024,"StartTime: Fri Aug 30 11:51:23 2024"
"comp_gstagefit_flt3mkt0.png","Excluded age comps, whole catch, FshPot.<br><br>'N adj.' is the input sample size after data-weighting adjustment. N eff. is the calculated effective sample size used in the McAllister-Ianelli tuning method.",NA,"AgeComp",2024-08-30 11:58:40.478024,"StartTime: Fri Aug 30 11:51:23 2024"
"comp_gstagefit_residsflt3mkt0.png","Pearson residuals, whole catch, FshPot (max=NA) <br> 
Closed bubbles are positive residuals (observed > expected) and open bubbles are negative residuals (observed < expected).",NA,"AgeComp",2024-08-30 11:58:40.478024,"StartTime: Fri Aug 30 11:51:23 2024"
"comp_gstagefit_flt4mkt0.png","Excluded age comps, whole catch, Srv.<br><br>'N adj.' is the input sample size after data-weighting adjustment. N eff. is the calculated effective sample size used in the McAllister-Ianelli tuning method.",NA,"AgeComp",2024-08-30 11:58:40.478024,"StartTime: Fri Aug 30 11:51:23 2024"
"comp_gstagefit_residsflt4mkt0.png","Pearson residuals, whole catch, Srv (max=NA) <br> 
Closed bubbles are positive residuals (observed > expected) and open bubbles are negative residuals (observed < expected).",NA,"AgeComp",2024-08-30 11:58:40.478024,"StartTime: Fri Aug 30 11:51:23 2024"
"comp_condAALfit_residsflt1mkt0.png","Pearson residuals, whole catch, FshTrawl (max=5.41)",NA,"A@LComp",2024-08-30 11:58:40.478024,"StartTime: Fri Aug 30 11:51:23 2024"
"comp_condAALfit_residsflt2mkt0.png","Pearson residuals, whole catch, FshLL (max=2.95)",NA,"A@LComp",2024-08-30 11:58:40.478024,"StartTime: Fri Aug 30 11:51:23 2024"
"comp_condAALfit_residsflt3mkt0.png","Pearson residuals, whole catch, FshPot (max=5.76)",NA,"A@LComp",2024-08-30 11:58:40.478024,"StartTime: Fri Aug 30 11:51:23 2024"
"comp_condAALfit_residsflt4mkt0.png","Pearson residuals, whole catch, Srv (max=2.61)",NA,"A@LComp",2024-08-30 11:58:40.478024,"StartTime: Fri Aug 30 11:51:23 2024"
"comp_condAALfit_data_weighting_TA1.8_condAgeFshTrawl.png","Mean age from conditional data (aggregated across length bins) for FshTrawl with 95% confidence intervals  based on current samples sizes.<br>Francis data weighting method TA1.8: thinner intervals (with capped ends) show result of further adjusting sample sizes based on suggested multiplier (with 95% interval) for conditional age-at-length data from FshTrawl:<br>0.5318 (0.368-0.9719) <br>For more info, see  <a href=https://doi.org/10.1139/f2011-025> Francis (2011)</a> and  <a href=https://doi.org/10.1016/j.fishres.2015.12.006> Punt (2017)</a>.",NA,"A@LComp",2024-08-30 11:58:40.478024,"StartTime: Fri Aug 30 11:51:23 2024"
"comp_condAALfit_Andre_plotsflt1mkt0_page1.png","Conditional AAL plot, whole catch, FshTrawl (plot 1 of 4)
These plots show mean age and std. dev. in conditional A@L.<br>Left plots are mean A@L by size-class (obs. and exp.) with 90% CIs based on adding 1.64 SE of mean to the data.<br>Right plots in each pair are SE of mean A@L (obs. and exp.) with 90% CIs based on the chi-square distribution.",NA,"A@LComp",2024-08-30 11:58:40.478024,"StartTime: Fri Aug 30 11:51:23 2024"
"comp_condAALfit_Andre_plotsflt1mkt0_page2.png","Conditional AAL plot, whole catch, FshTrawl (plot 2 of 4)",NA,"A@LComp",2024-08-30 11:58:40.478024,"StartTime: Fri Aug 30 11:51:23 2024"
"comp_condAALfit_Andre_plotsflt1mkt0_page3.png","Conditional AAL plot, whole catch, FshTrawl (plot 3 of 4)",NA,"A@LComp",2024-08-30 11:58:40.478024,"StartTime: Fri Aug 30 11:51:23 2024"
"comp_condAALfit_Andre_plotsflt1mkt0_page4.png","Conditional AAL plot, whole catch, FshTrawl (plot 4 of 4)",NA,"A@LComp",2024-08-30 11:58:40.478024,"StartTime: Fri Aug 30 11:51:23 2024"
"comp_condAALfit_data_weighting_TA1.8_condAgeFshLL.png","Mean age from conditional data (aggregated across length bins) for FshLL with 95% confidence intervals  based on current samples sizes.<br>Francis data weighting method TA1.8: thinner intervals (with capped ends) show result of further adjusting sample sizes based on suggested multiplier (with 95% interval) for conditional age-at-length data from FshLL:<br>0.2721 (0.2079-0.5065) <br>For more info, see  <a href=https://doi.org/10.1139/f2011-025> Francis (2011)</a> and  <a href=https://doi.org/10.1016/j.fishres.2015.12.006> Punt (2017)</a>.",NA,"A@LComp",2024-08-30 11:58:40.478024,"StartTime: Fri Aug 30 11:51:23 2024"
"comp_condAALfit_Andre_plotsflt2mkt0_page1.png","Conditional AAL plot, whole catch, FshLL (plot 1 of 4)
These plots show mean age and std. dev. in conditional A@L.<br>Left plots are mean A@L by size-class (obs. and exp.) with 90% CIs based on adding 1.64 SE of mean to the data.<br>Right plots in each pair are SE of mean A@L (obs. and exp.) with 90% CIs based on the chi-square distribution.",NA,"A@LComp",2024-08-30 11:58:40.478024,"StartTime: Fri Aug 30 11:51:23 2024"
"comp_condAALfit_Andre_plotsflt2mkt0_page2.png","Conditional AAL plot, whole catch, FshLL (plot 2 of 4)",NA,"A@LComp",2024-08-30 11:58:40.478024,"StartTime: Fri Aug 30 11:51:23 2024"
"comp_condAALfit_Andre_plotsflt2mkt0_page3.png","Conditional AAL plot, whole catch, FshLL (plot 3 of 4)",NA,"A@LComp",2024-08-30 11:58:40.478024,"StartTime: Fri Aug 30 11:51:23 2024"
"comp_condAALfit_Andre_plotsflt2mkt0_page4.png","Conditional AAL plot, whole catch, FshLL (plot 4 of 4)",NA,"A@LComp",2024-08-30 11:58:40.478024,"StartTime: Fri Aug 30 11:51:23 2024"
"comp_condAALfit_data_weighting_TA1.8_condAgeFshPot.png","Mean age from conditional data (aggregated across length bins) for FshPot with 95% confidence intervals  based on current samples sizes.<br>Francis data weighting method TA1.8: thinner intervals (with capped ends) show result of further adjusting sample sizes based on suggested multiplier (with 95% interval) for conditional age-at-length data from FshPot:<br>0.2848 (0.1988-0.611) <br>For more info, see  <a href=https://doi.org/10.1139/f2011-025> Francis (2011)</a> and  <a href=https://doi.org/10.1016/j.fishres.2015.12.006> Punt (2017)</a>.",NA,"A@LComp",2024-08-30 11:58:40.478024,"StartTime: Fri Aug 30 11:51:23 2024"
"comp_condAALfit_Andre_plotsflt3mkt0_page1.png","Conditional AAL plot, whole catch, FshPot (plot 1 of 4)
These plots show mean age and std. dev. in conditional A@L.<br>Left plots are mean A@L by size-class (obs. and exp.) with 90% CIs based on adding 1.64 SE of mean to the data.<br>Right plots in each pair are SE of mean A@L (obs. and exp.) with 90% CIs based on the chi-square distribution.",NA,"A@LComp",2024-08-30 11:58:40.478024,"StartTime: Fri Aug 30 11:51:23 2024"
"comp_condAALfit_Andre_plotsflt3mkt0_page2.png","Conditional AAL plot, whole catch, FshPot (plot 2 of 4)",NA,"A@LComp",2024-08-30 11:58:40.478024,"StartTime: Fri Aug 30 11:51:23 2024"
"comp_condAALfit_Andre_plotsflt3mkt0_page3.png","Conditional AAL plot, whole catch, FshPot (plot 3 of 4)",NA,"A@LComp",2024-08-30 11:58:40.478024,"StartTime: Fri Aug 30 11:51:23 2024"
"comp_condAALfit_Andre_plotsflt3mkt0_page4.png","Conditional AAL plot, whole catch, FshPot (plot 4 of 4)",NA,"A@LComp",2024-08-30 11:58:40.478024,"StartTime: Fri Aug 30 11:51:23 2024"
"comp_condAALfit_data_weighting_TA1.8_condAgeSrv.png","Mean age from conditional data (aggregated across length bins) for Srv with 95% confidence intervals  based on current samples sizes.<br>Francis data weighting method TA1.8: thinner intervals (with capped ends) show result of further adjusting sample sizes based on suggested multiplier (with 95% interval) for conditional age-at-length data from Srv:<br>0.1219 (0.0683-0.4013) <br>For more info, see  <a href=https://doi.org/10.1139/f2011-025> Francis (2011)</a> and  <a href=https://doi.org/10.1016/j.fishres.2015.12.006> Punt (2017)</a>.",NA,"A@LComp",2024-08-30 11:58:40.478024,"StartTime: Fri Aug 30 11:51:23 2024"
"comp_condAALfit_Andre_plotsflt4mkt0_page1.png","Conditional AAL plot, whole catch, Srv (plot 1 of 4)
These plots show mean age and std. dev. in conditional A@L.<br>Left plots are mean A@L by size-class (obs. and exp.) with 90% CIs based on adding 1.64 SE of mean to the data.<br>Right plots in each pair are SE of mean A@L (obs. and exp.) with 90% CIs based on the chi-square distribution.",NA,"A@LComp",2024-08-30 11:58:40.478024,"StartTime: Fri Aug 30 11:51:23 2024"
"comp_condAALfit_Andre_plotsflt4mkt0_page2.png","Conditional AAL plot, whole catch, Srv (plot 2 of 4)",NA,"A@LComp",2024-08-30 11:58:40.478024,"StartTime: Fri Aug 30 11:51:23 2024"
"comp_condAALfit_Andre_plotsflt4mkt0_page3.png","Conditional AAL plot, whole catch, Srv (plot 3 of 4)",NA,"A@LComp",2024-08-30 11:58:40.478024,"StartTime: Fri Aug 30 11:51:23 2024"
"comp_condAALfit_Andre_plotsflt4mkt0_page4.png","Conditional AAL plot, whole catch, Srv (plot 4 of 4)",NA,"A@LComp",2024-08-30 11:58:40.478024,"StartTime: Fri Aug 30 11:51:23 2024"
"comp_LAAdat_flt4mkt0.png","Mean length at age data, whole catch, Srv.<br><br>'N adj.' is the input sample size after data-weighting adjustment. N eff. is the calculated effective sample size used in the McAllister-Ianelli tuning method.",NA,"Mean@A",2024-08-30 11:58:40.478024,"StartTime: Fri Aug 30 11:51:23 2024"
"comp_LAAdat_bubflt4mkt0.png","Mean length at age data, whole catch, Srv (max=102.5)",NA,"Mean@A",2024-08-30 11:58:40.478024,"StartTime: Fri Aug 30 11:51:23 2024"
"comp_LAAfit_flt4mkt0.png","Mean length at age fit, whole catch, Srv.<br><br>'N adj.' is the input sample size after data-weighting adjustment. N eff. is the calculated effective sample size used in the McAllister-Ianelli tuning method.",NA,"Mean@A",2024-08-30 11:58:40.478024,"StartTime: Fri Aug 30 11:51:23 2024"
"comp_LAAfit_residsflt4mkt0.png","Pearson residuals, whole catch, Srv (max=NA) <br> 
Closed bubbles are positive residuals (observed > expected) and open bubbles are negative residuals (observed < expected).",NA,"Mean@A",2024-08-30 11:58:40.478024,"StartTime: Fri Aug 30 11:51:23 2024"
"yield1_yield_curve.png","Yield curve",NA,"Yield",2024-08-30 11:58:40.478024,"StartTime: Fri Aug 30 11:51:23 2024"
"yield2_yield_curve_with_refpoints.png","Yield curve with reference points",NA,"Yield",2024-08-30 11:58:40.478024,"StartTime: Fri Aug 30 11:51:23 2024"
"yield3_surplus_production.png","Surplus production vs. biomass plot. For interpretation, see<br> <blockquote>Walters, Hilborn, and  Christensen, 2008, Surplus production dynamics in declining and recovering fish populations. <i>Can. J. Fish. Aquat. Sci.</i> 65: 2536-2551.</blockquote>",NA,"Yield",2024-08-30 11:58:40.478024,"StartTime: Fri Aug 30 11:51:23 2024"
"yield4_YPR_timeseries.png","Time series of yield per recruit (kg)",NA,"Yield",2024-08-30 11:58:40.478024,"StartTime: Fri Aug 30 11:51:23 2024"
"data_plot.png","Data presence by year for each fleet and data type.",NA,"Data",2024-08-30 11:58:40.478024,"StartTime: Fri Aug 30 11:51:23 2024"
"data_plot2.png","Data presence by year for each fleet, where circle area is <br>  relative within a data type. Circles are proportional to <br>  total catch for catches; to precision for indices, discards, and <br>  mean body weight observations; and to total sample size for <br> compositions and mean weight- or length-at-age observations. <br> Observations excluded from the likelihood have <br> equal size for all years. <br> Note that since the circles are are scaled relative <br>  to maximum within each type, the scaling within separate plots <br>  should not be compared.",NA,"Data",2024-08-30 11:58:40.478024,"StartTime: Fri Aug 30 11:51:23 2024"
"parameter_distributions_page1.png","Parameter distribution plots (plot 1 of 10). <br>Deviation parameters are not included. <br>Plotting range is equal to input limits on parameters. Use fitrange = TRUE to scale the range to the estimates.",NA,"Pars",2024-08-30 11:58:40.478024,"StartTime: Fri Aug 30 11:51:23 2024"
"parameter_distributions_page2.png","Parameter distribution plots (plot 2 of 10).",NA,"Pars",2024-08-30 11:58:40.478024,"StartTime: Fri Aug 30 11:51:23 2024"
"parameter_distributions_page3.png","Parameter distribution plots (plot 3 of 10).",NA,"Pars",2024-08-30 11:58:40.478024,"StartTime: Fri Aug 30 11:51:23 2024"
"parameter_distributions_page4.png","Parameter distribution plots (plot 4 of 10).",NA,"Pars",2024-08-30 11:58:40.478024,"StartTime: Fri Aug 30 11:51:23 2024"
"parameter_distributions_page5.png","Parameter distribution plots (plot 5 of 10).",NA,"Pars",2024-08-30 11:58:40.478024,"StartTime: Fri Aug 30 11:51:23 2024"
"parameter_distributions_page6.png","Parameter distribution plots (plot 6 of 10).",NA,"Pars",2024-08-30 11:58:40.478024,"StartTime: Fri Aug 30 11:51:23 2024"
"parameter_distributions_page7.png","Parameter distribution plots (plot 7 of 10).",NA,"Pars",2024-08-30 11:58:40.478024,"StartTime: Fri Aug 30 11:51:23 2024"
"parameter_distributions_page9.png","Parameter distribution plots (plot 9 of 10).",NA,"Pars",2024-08-30 11:58:40.478024,"StartTime: Fri Aug 30 11:51:23 2024"
"parameter_distributions_page10.png","Parameter distribution plots (plot 10 of 10).",NA,"Pars",2024-08-30 11:58:40.478024,"StartTime: Fri Aug 30 11:51:23 2024"
"parameter_distributions_page11.png","Parameter distribution plots (plot 11 of 10).",NA,"Pars",2024-08-30 11:58:40.478024,"StartTime: Fri Aug 30 11:51:23 2024"
"parameterchecks.html","<b>Estimated parameters (excluding deviation parameters)</b><br> Any parameter with a gradient value with an absolute value above 0.001 or a parameter on bounds is colored in red.",NA,"DiagnosticTables",2024-08-30 11:58:40.478024,"StartTime: Fri Aug 30 11:51:23 2024"
"correlationcheck.html","<b>Highly correlated parameter pairs</b><br> Pairs of parameters with the  50  highest correlations, sorted by absolute value of the correlation. Correlations above 0.95 (in absolute value) are colored in red. These parameters may be confounded or may cause convergence issues.",NA,"DiagnosticTables",2024-08-30 11:58:40.478024,"StartTime: Fri Aug 30 11:51:23 2024"
"lowcorrelationcheck.html","<b>Parameters with low correlations</b><br> Estimated parameters that are the least correlated with all other parameters. The correlation value represents the maximum correlation between the parameter in question and all other estimated parameters. Uncorrelated parameters may not be playing a significant role in the model. Maximum correlations below 0.01 are colored in red.",NA,"DiagnosticTables",2024-08-30 11:58:40.478024,"StartTime: Fri Aug 30 11:51:23 2024"
